{"Train Accuracy":97.5,"Validation Loss":0.8898996328935027,"Validation Accuracy":80.3921568627451,"_wandb":{"runtime":232},"_timestamp":1.729940821000113e+09,"_runtime":232.0402302,"_step":19,"Train Loss":0.08966248397094508}