{"_runtime":811.7421951,"_step":41,"Validation Loss":0.044286151979273214,"Validation Accuracy":96.07843137254902,"_wandb":{"runtime":833},"Train Loss":0.005123314587561051,"Train Accuracy":100,"_timestamp":1.7299436359177155e+09}