{"_timestamp":1.7300299167405787e+09,"_runtime":390.0530959,"_step":25,"Validation Loss":0.06341677335149143,"Validation Accuracy":96.07843137254902,"_wandb":{"runtime":390},"Train Loss":0.024444188144432544,"Train Accuracy":99.16897506925208}