{"_timestamp":1.730030191364025e+09,"Validation Loss":0.21680572535842657,"Validation Accuracy":88.23529411764706,"_wandb":{"runtime":55},"_runtime":55.7674012,"_step":3,"Train Loss":0.256162217170324,"Train Accuracy":91.68975069252078}