{"_step":3,"Validation Loss":87.74850797653198,"Validation Accuracy":27.45098039215686,"_wandb":{"runtime":140},"Train Loss":0.5190879287927047,"Train Accuracy":85.59556786703601,"_timestamp":1.7300300864778183e+09,"_runtime":116.7063634}