{"_step":5,"Train Loss":0.021676056421078418,"Validation Loss":0.05848926119506359,"Validation Accuracy":100,"_wandb":{"runtime":83},"Train Accuracy":99.7229916897507,"_timestamp":1.7300308995319934e+09,"_runtime":83.8056742}